canonical_id,canonical_name,venue_type,n_events_nearby,nearest_event_m
cv_0001,New York Public Library - Stephen A. Schwarzman Building,library,0,529.0
cv_0002,Jefferson Market Library,library,0,852.0
cv_0003,Black Cat LES,cafe,0,2686.0
cv_0004,Housing Works Bookstore,other,0,1931.0
cv_0009,"The New York Public Library for the Performing Arts, Dorothy and Lewis B. Cullman Center",library,0,1829.0
cv_0005,Variety Coffee Roasters,cafe,0,1062.0
cv_0006,The Bean,cafe,0,2139.0
cv_0007,Stumptown Coffee Roasters,cafe,0,1269.0
cv_0008,Stavros Niarchos Foundation Library (SNFL),library,0,667.0
cv_0010,Café-Flor / Bar 21,cafe,0,674.0
cv_0011,Think Coffee,cafe,0,1612.0
cv_0012,Book Club Bar,cafe,0,2714.0
cv_0013,Kona Coffee Roasters | East Village,cafe,0,2102.0
cv_0014,Paper Coffee,cafe,0,1240.0
cv_0015,Conwell Coffee & Cocktail Hall,cafe,1,124.0
cv_0016,Poets House,library,0,1370.0
cv_0017,Amano Cafe,cafe,0,983.0
cv_0026,Butler Bakeshop & Espresso Bar,cafe,0,1965.0
cv_0018,Think Coffee,cafe,0,1380.0
cv_0019,Ace Hotel New York,hotel,0,1275.0
cv_0020,Ground Support Cafe,cafe,0,1837.0
cv_0021,The Bean,cafe,0,1533.0
cv_0022,Mulberry Street Library,library,0,2014.0
cv_0023,Coffee Project New York | Chelsea,cafe,0,725.0
cv_0024,Stumptown Coffee Roasters,cafe,0,1072.0
cv_0025,Gotan,cafe,0,1653.0
cv_0035,Webster Library,library,0,3292.0
cv_0027,Coffee Project New York | East Village,cafe,0,2026.0
cv_0028,Ludlow Coffee Supply,cafe,0,2599.0
cv_0029,Now or Never Coffee,cafe,0,1968.0
cv_0030,Irving Farm Coffee,cafe,0,1338.0
cv_0031,The Hungarian Pastry Shop,cafe,0,5514.0
cv_0032,Caffe Reggio,cafe,0,1222.0
cv_0033,Culture Espresso,cafe,0,550.0
cv_0034,Schomburg Center for Research in Black Culture - New York Public Library,library,0,7448.0
cv_0320,Bluestone Lane Bryant Park Coffee Shop,cafe,0,291.0
cv_0036,Devoción,cafe,0,1393.0
cv_0037,Seven Grams Caffe,cafe,0,1100.0
cv_0038,The Lost Draft,cafe,0,2107.0
cv_0039,The Chipped Cup,cafe,0,8570.0
cv_0040,Felix Roasting Co.,cafe,0,1354.0
cv_0041,Devoción,cafe,0,1436.0
cv_0042,Gregorys Coffee,cafe,0,311.0
cv_0043,Think Coffee,cafe,0,1841.0
cv_0044,Bibliotheque,cafe,0,2069.0
cv_0045,Ground Central Coffee Company,cafe,0,322.0
cv_0046,Ariston Flowers,other,0,1093.0
cv_0047,Joe Coffee Company: Waverly,cafe,0,911.0
cv_0048,citizenM New York Bowery,hotel,0,2276.0
cv_0049,Irving Farm Coffee,cafe,0,2993.0
cv_0050,Dear Mama,cafe,0,7039.0
cv_0051,PUBLIC Hotel,hotel,0,2249.0
cv_0052,787 Coffee,cafe,0,748.0
cv_0053,787 Coffee,cafe,0,1958.0
cv_0054,Capital One Café,cafe,0,795.0
cv_0055,Ground Central Coffee Company,cafe,0,758.0
cv_0056,Pause Cafe,cafe,0,2811.0
cv_0057,Remi43 Flower & Coffee,cafe,0,1425.0
cv_0062,Buunni Coffee - Pinehurst,cafe,0,11669.0
cv_0058,The Marlton Hotel,hotel,0,1151.0
cv_0059,Capital One Café,cafe,0,1383.0
cv_0060,The Clock Coffee Shop,cafe,0,764.0
cv_0061,The Townhouse Cafe,cafe,0,5054.0
cv_0063,Ground Central Coffee Company,cafe,0,1046.0
cv_0064,Felix Roasting Co.,cafe,0,1709.0
cv_0065,Everyman Espresso,cafe,0,1693.0
cv_0066,Kaffe Åre,cafe,0,1167.0
cv_0067,Bluestone Lane Midtown East Coffee Shop,cafe,0,768.0
cv_0068,Café Grumpy - Lower East Side,cafe,0,2047.0
cv_0069,Bean & Bean Chelsea,cafe,0,1014.0
cv_0070,Think Coffee,cafe,0,1576.0
cv_0104,Ninth Street Espresso,cafe,0,2904.0
cv_0071,Barnes & Noble,cafe,0,1391.0
cv_0072,Ost Cafe,cafe,0,2604.0
cv_0073,Central Perk Coffee Company,cafe,0,294.0
cv_0074,53rd Street Library,library,0,851.0
cv_0075,St. Agnes Library,library,0,3181.0
cv_0076,Bloomingdale Library,library,0,4593.0
cv_0077,Yorkville Library,library,0,3106.0
cv_0078,New Amsterdam Library,library,0,1020.0
cv_0114,Intelligentsia Coffee High Line Hotel Coffeebar,cafe,0,591.0
cv_0079,Toby’s Estate Coffee,cafe,0,1206.0
cv_0080,Irving Farm Coffee,cafe,0,1621.0
cv_0081,Felix Roasting Co.,cafe,0,1607.0
cv_0082,Birch Coffee,cafe,0,4331.0
cv_0083,The Roxy Hotel New York,hotel,0,1701.0
cv_0084,King's Street Coffee,cafe,0,1095.0
cv_0085,Brookfield Place,other,0,1001.0
cv_0086,Remi Flower & Coffee,cafe,0,1471.0
cv_0115,NewsBar Café,cafe,0,1319.0
cv_0087,Birch Coffee,cafe,0,1593.0
cv_0088,Capital One Café,cafe,0,1600.0
cv_0089,Charlotte Cafe,cafe,0,4296.0
cv_0090,Charlotte Cafe,cafe,0,1618.0
cv_0091,Ground Central Coffee Company,cafe,0,584.0
cv_0092,Variety Coffee Roasters,cafe,0,3516.0
cv_0093,Bluestone Lane Manhattan West Café,cafe,0,1210.0
cv_0094,787 Coffee,cafe,0,1811.0
cv_0120,Chatham Square Library,library,0,1505.0
cv_0095,Kona Coffee Roasters | Chelsea,cafe,0,791.0
cv_0096,"P&T Knitwear Bookstore, Coffee, & Podcast Studio",cafe,0,2539.0
cv_0097,Bar Room at the Beekman,bar,0,781.0
cv_0098,Mushtari Cafe,cafe,0,6677.0
cv_0099,787 Coffee,cafe,0,2419.0
cv_0100,THE ELK,cafe,0,734.0
cv_0101,Manhattanville Coffee,cafe,0,7966.0
cv_0102,Think Coffee,cafe,1,248.0
cv_0103,Starbucks Reserve Roastery New York,cafe,1,116.0
cv_0160,The Drama Book Shop,other,0,467.0
cv_0105,Elsewhere Espresso.,cafe,0,2195.0
cv_0106,B Cup Cafe & Eatery,cafe,0,2620.0
cv_0107,Hungry Ghost Coffee,cafe,0,867.0
cv_0108,Irving Farm Coffee,cafe,0,1676.0
cv_0109,Church of Heavenly Rest Café,cafe,0,3777.0
cv_0110,Capital One Café,cafe,0,1392.0
cv_0111,Ole & Steen,cafe,0,1320.0
cv_0112,Strand Book Store,other,0,1474.0
cv_0113,Think Coffee,cafe,0,2016.0
cv_0116,outro nyc,cafe,0,1504.0
cv_0117,96th Street Library,library,0,4321.0
cv_0118,Morningside Heights Library,library,0,5749.0
cv_0119,Veselka,restaurant,0,2016.0
cv_0121,Washington Heights Library,library,0,9467.0
cv_0122,58th Street Library,library,0,1515.0
cv_0123,Joe Coffee Company: Bryant Park,cafe,0,419.0
cv_0124,maman,cafe,0,2004.0
cv_0125,Ground Central Coffee Company,cafe,0,1483.0
cv_0126,Blue Bottle Coffee,cafe,0,1034.0
cv_0127,Double Dutch Espresso,cafe,0,6067.0
cv_0128,Ground Central Coffee Company,cafe,0,1063.0
cv_0129,Daily Provisions - Union Square,restaurant,0,1545.0
cv_0130,maman,cafe,0,1332.0
cv_0131,Think Coffee,cafe,0,1467.0
cv_0132,About Coffee,cafe,0,3095.0
cv_0133,Ralph's Coffee,cafe,0,2358.0
cv_0161,Georgie’s Cafe & Bar,cafe,0,2434.0
cv_0134,Caffe Aronne | Mobile espresso bar & coffee catering,cafe,0,2438.0
cv_0135,Midnight Express Diner,restaurant,0,3915.0
cv_0136,Telegraphe Cafe.,cafe,0,845.0
cv_0137,Blue Bottle Coffee,cafe,0,944.0
cv_0138,La Cabra,cafe,0,1973.0
cv_0139,Urban Backyard,cafe,0,2132.0
cv_0140,Café Sabarsky,restaurant,0,3460.0
cv_0141,Bibble & Sip,cafe,0,653.0
cv_0142,The Ludlow Hotel,hotel,0,2592.0
cv_0143,11th Street Cafe,cafe,0,562.0
cv_0144,Coppola Cafe,cafe,0,978.0
cv_0145,Joe Coffee Company: LaGuardia Place,cafe,0,1410.0
cv_0146,Brewlita,cafe,0,2149.0
cv_0147,Dr Smood,cafe,0,2000.0
cv_0148,Blue Bottle Coffee,cafe,0,1672.0
cv_0149,Poetica Coffee,cafe,0,1997.0
cv_0150,Picky Barista,cafe,0,4006.0
cv_0151,Madame Bonté Café,cafe,0,4370.0
cv_0152,Coffee Project New York | Hell's Kitchen,cafe,0,1048.0
cv_0153,Coffee Project New York | Financial District,cafe,0,519.0
cv_0154,Blue Bottle Coffee,cafe,0,1553.0
cv_0155,Cafe Cluny,restaurant,0,375.0
cv_0156,Ground Central Coffee Company,cafe,0,551.0
cv_0157,Company,cafe,0,735.0
cv_0158,Felix Roasting Co.,cafe,0,921.0
cv_0159,Urbana Cafe & Gallery,cafe,0,1215.0
cv_0162,Rex,cafe,0,2582.0
cv_0163,JOE & THE JUICE,cafe,0,2112.0
cv_0164,Silence Please,cafe,0,2048.0
cv_0165,Sandro's,restaurant,0,3717.0
cv_0166,Enoch's,cafe,0,988.0
cv_0167,El Barrista cafe,cafe,0,6112.0
cv_0168,Kaafi by Chaiguy,cafe,0,6088.0
cv_0169,NBHD Brulee,cafe,0,7792.0
cv_0170,Slate Cafe NoMad,cafe,0,1307.0
cv_0276,Gregorys Coffee,cafe,0,1276.0
cv_0171,787 Coffee,cafe,0,3200.0
cv_0172,Gregorys Coffee,cafe,0,2561.0
cv_0173,Frame NYC,cafe,0,2785.0
cv_0174,Paris Baguette,cafe,0,3527.0
cv_0228,Gansevoort Liberty Market,restaurant,0,618.0
cv_0175,Le Pain Quotidien,cafe,0,1996.0
cv_0176,Barnes & Noble Cafe,cafe,0,607.0
cv_0177,JOE & THE JUICE,cafe,0,2458.0
cv_0178,Black Star Bakery & Cafe,cafe,0,3760.0
cv_0179,Inès,cafe,0,2996.0
cv_0180,Birch Coffee,cafe,0,3221.0
cv_0181,Bluestone Lane Chelsea Piers Café,cafe,0,928.0
cv_0182,Moka & Co,cafe,0,807.0
cv_0183,Ten Thousand Coffee,cafe,0,428.0
cv_0184,Home Sweet Harlem,cafe,0,7505.0
cv_0185,Devoción,cafe,0,1236.0
cv_0186,Buunni Coffee - Inwood,cafe,0,13548.0
cv_0204,"Drip Drop Café, coffee shop",cafe,0,1712.0
cv_0187,Blue Bottle Coffee,cafe,1,231.0
cv_0188,Black Fox Coffee,cafe,0,290.0
cv_0189,787 Coffee,cafe,1,202.0
cv_0190,Picky Barista,cafe,0,2526.0
cv_0227,Gregorys Coffee,cafe,0,1689.0
cv_0191,Hi-Note Radio,other,0,2650.0
cv_0192,La Colombe Coffee Workshop,cafe,0,1718.0
cv_0193,Lafayette Grand Café & Bakery,restaurant,0,1755.0
cv_0194,Voyager Espresso,cafe,0,538.0
cv_0195,Think Coffee,cafe,0,2019.0
cv_0196,Café Grumpy - Fashion District,cafe,0,397.0
cv_0197,kalei nyc,cafe,0,2150.0
cv_0198,Boris & Horton,cafe,0,2386.0
cv_0203,maman,cafe,0,580.0
cv_0199,Spring Cafe Aspen,cafe,0,1598.0
cv_0200,Bluestone Lane Collective Caf,cafe,0,658.0
cv_0201,Joe Coffee Company: Chelsea,cafe,0,775.0
cv_0202,Caffe Vita,cafe,0,2485.0
cv_0238,Birch Coffee,cafe,0,507.0
cv_0205,Joe Coffee Company: W 85th St,cafe,0,3384.0
cv_0206,Third Rail Coffee,cafe,0,1280.0
cv_0207,Gregorys Coffee,cafe,0,636.0
cv_0208,Think Coffee,cafe,0,1337.0
cv_0209,Fort Washington Library,library,0,11031.0
cv_0210,Riverside Library,library,0,1936.0
cv_0211,Hamilton Grange Library,library,0,8286.0
cv_0212,Harlem Library,library,0,6554.0
cv_0213,Inwood Library,library,0,13121.0
cv_0214,Seward Park Library,library,0,2131.0
cv_0215,Harry Belafonte 115th Street Library,library,0,5806.0
cv_0216,La Cabra Bakery,cafe,0,2004.0
cv_0217,Café Integral,cafe,0,2158.0
cv_0218,Cafe Grumpy - Manhattan West,cafe,0,1253.0
cv_0219,Starbucks Coffee Company,cafe,0,1151.0
cv_0220,JOE & THE JUICE,cafe,0,938.0
cv_0221,Arlo SoHo,hotel,0,1802.0
cv_0222,Starbucks,cafe,1,46.0
cv_0223,Starbucks Coffee Company,cafe,0,1453.0
cv_0224,Starbucks Coffee Company,cafe,0,1714.0
cv_0225,Starbucks Reserve - West Village,cafe,0,586.0
cv_0226,Starbucks Coffee Company,cafe,0,1440.0
cv_0251,Black Star Bakery & Cafe,restaurant,0,2061.0
cv_0229,Starbucks Coffee Company,cafe,0,1046.0
cv_0230,Gregorys Coffee,cafe,0,521.0
cv_0231,Rex,cafe,0,1332.0
cv_0232,Starbucks Coffee Company,cafe,0,1502.0
cv_0233,Union Square Cafe,restaurant,0,1520.0
cv_0234,Sipsteria Morningside,cafe,0,6450.0
cv_0235,The Monkey Cup,cafe,0,6059.0
cv_0236,The Uncommons,cafe,0,1369.0
cv_0237,St Kilda Coffee,cafe,0,421.0
cv_0239,Le Pain Quotidien,cafe,0,1335.0
cv_0240,Lucky Lucky Coffee,cafe,0,1237.0
cv_0241,McNally Jackson Books Seaport,other,0,594.0
cv_0242,Lounge on Pearl,bar,1,230.0
cv_0294,:3Coffee | Flatiron,cafe,0,1143.0
cv_0243,Gregorys Coffee,cafe,0,1727.0
cv_0244,Afficionado Coffee Roasters,cafe,0,1326.0
cv_0245,Black Press Coffee,cafe,0,2418.0
cv_0246,Plowshares Coffee Roasters,cafe,0,6810.0
cv_0247,TAP Brazilian Café – 100% Gluten-Free | Tapioca Sandwiches & Açaí | Upper West Side – NYC,restaurant,0,2381.0
cv_0248,Paris Baguette,cafe,0,4410.0
cv_0249,Blu Café,cafe,0,2176.0
cv_0250,JOE & THE JUICE,cafe,0,2292.0
cv_0252,Qahwah House coffee - W Village,cafe,0,1152.0
cv_0253,Grace Street Coffee & Desserts,cafe,0,1024.0
cv_0254,The Oasis Cafe,cafe,0,2427.0
cv_0255,Remedy Diner,restaurant,0,2695.0
cv_0256,Coppelia,restaurant,0,502.0
cv_0257,Waverly Diner,restaurant,0,947.0
cv_0258,Empanada Mama Hell’s Kitchen,restaurant,0,855.0
cv_0259,Cafe Aroma,cafe,0,1535.0
cv_0265,Fellini Coffee - Upper West,cafe,0,3469.0
cv_0260,Le Pain Quotidien,cafe,0,2037.0
cv_0261,Sote Coffee Roasters,cafe,0,2710.0
cv_0262,Da Capo,restaurant,0,2621.0
cv_0263,Zuri Coffee Broadway,cafe,0,3000.0
cv_0264,maman,cafe,0,3103.0
cv_0266,La Farine Pâtisserie et Café,cafe,0,3705.0
cv_0267,Green Lane Coffee,cafe,0,4310.0
cv_0268,Silver Moon Bakery,other,0,4779.0
cv_0269,City Coffee & Bar,restaurant,0,4987.0
cv_0270,Typhoon Cafe,cafe,0,5129.0
cv_0271,Qahwah House - Broadway,cafe,0,5616.0
cv_0272,Oren’s Coffee,cafe,0,5681.0
cv_0273,Hex & Company,cafe,0,5789.0
cv_0274,787 Coffee,cafe,0,337.0
cv_0275,Citizen of Chelsea,cafe,0,937.0
cv_0277,Slate Cafe Midtown,cafe,0,1462.0
cv_0278,Do Not Feed Alligators,cafe,0,773.0
cv_0279,% Arabica New York Nolita,cafe,0,2239.0
cv_0280,Frame Coffee,cafe,0,2610.0
cv_0281,Lê Phin,cafe,0,2292.0
cv_0282,Café Lyria,cafe,0,1847.0
cv_0283,Genesis House,cafe,1,244.0
cv_0284,WatchHouse 5th Ave.,cafe,0,836.0
cv_0285,Harney & Sons SoHo,other,0,2065.0
cv_0286,Soho Grand Hotel,hotel,0,1992.0
cv_0287,NOMO SOHO,hotel,0,1891.0
cv_0288,Crosby Street Hotel,hotel,0,2071.0
cv_0289,Battery Park City Library,library,0,1320.0
cv_0290,Whole Foods Market,other,0,1222.0
cv_0291,Dot's Cafe,cafe,0,1160.0
cv_0292,Caffe Roma,cafe,0,2069.0
cv_0293,"noa, a café",cafe,0,1244.0
cv_0295,Blank Street,cafe,0,1734.0
cv_0296,Le Pain Quotidien,cafe,0,432.0
cv_0297,semicolon cafe,cafe,0,9298.0
cv_0298,Waypoint Cafe NYC,cafe,0,2209.0
cv_0299,The Library at the Public,restaurant,0,1727.0
cv_0300,Bluestone Lane 330 Madison Avenue,cafe,0,669.0
cv_0301,Matto Espresso,cafe,0,1505.0
cv_0302,THE ELK on Mott,cafe,0,2215.0
cv_0303,Jack's Stir Brew Coffee,cafe,0,1333.0
cv_0304,Writers Room Inc,other,0,1593.0
cv_0305,Partners Coffee - West Village,cafe,0,685.0
cv_0306,In Common NYC - A Breakfast & Brunch Restaurant,cafe,0,935.0
cv_0307,Matto Espresso,cafe,0,8097.0
cv_0308,Le Cafe Coffee,cafe,0,1070.0
cv_0313,The Hotel Chelsea,restaurant,0,841.0
cv_0309,Cafe East,cafe,0,5864.0
cv_0310,The Hugh,restaurant,0,1351.0
cv_0311,La Colombe Coffee Workshop,cafe,0,2001.0
cv_0312,Café Standard,cafe,0,1887.0
cv_0319,David Geffen Hall,other,0,1782.0
cv_0314,Peacefood,cafe,0,1358.0
cv_0315,Serafina Broadway 55th (Midtown),restaurant,0,889.0
cv_0316,Pier 57,restaurant,0,433.0
cv_0317,The Greenwich Hotel,hotel,0,1689.0
cv_0318,Walker Hotel Greenwich Village,hotel,0,897.0
cv_0321,La Colombe Coffee Workshop,cafe,0,1779.0
cv_0322,Little Collins,cafe,0,1171.0
cv_0323,Birch Coffee,cafe,0,1047.0
cv_0324,Ralph's Coffee,cafe,0,764.0
cv_0325,Caffè Lavazza.,cafe,0,1359.0
cv_0326,Andrew Heiskell Braille and Talking Book Library,library,0,1024.0
